{
    "total_runtime": 12.371013164520264,
    "num_documents": 1,
    "input_load_time": 0,
    "workflows": {
        "create_base_text_units": {
            "overall": 1.834427833557129,
            "0_orderby": 0.009592533111572266,
            "1_zip": 0.005472898483276367,
            "2_aggregate_override": 0.017064809799194336,
            "3_chunk": 1.6865413188934326,
            "4_select": 0.011699676513671875,
            "5_unroll": 0.016954660415649414,
            "6_rename": 0.009146690368652344,
            "7_genid": 0.013588190078735352,
            "8_unzip": 0.01356053352355957,
            "9_copy": 0.01080465316772461,
            "10_filter": 0.034017324447631836
        },
        "create_base_extracted_entities": {
            "overall": 0.20067787170410156,
            "0_entity_extract": 0.16916275024414062,
            "1_merge_graphs": 0.024074077606201172
        },
        "create_final_covariates": {
            "overall": 0.15347886085510254,
            "0_extract_covariates": 0.06681036949157715,
            "1_window": 0.012228965759277344,
            "2_genid": 0.010950326919555664,
            "3_convert": 0.026463747024536133,
            "4_rename": 0.012287378311157227,
            "5_select": 0.014964103698730469
        },
        "create_summarized_entities": {
            "overall": 0.10521078109741211,
            "0_summarize_descriptions": 0.09183001518249512
        },
        "join_text_units_to_covariate_ids": {
            "overall": 0.06743574142456055,
            "0_select": 0.016866207122802734,
            "1_aggregate_override": 0.033132076263427734
        },
        "create_base_entity_graph": {
            "overall": 0.08115673065185547,
            "0_cluster_graph": 0.042226552963256836,
            "1_select": 0.018404483795166016
        },
        "create_final_entities": {
            "overall": 0.6188945770263672,
            "0_unpack_graph": 0.02370429039001465,
            "1_rename": 0.023587942123413086,
            "2_select": 0.019134044647216797,
            "3_dedupe": 0.02649974822998047,
            "4_rename": 0.021611452102661133,
            "5_filter": 0.049971818923950195,
            "6_text_split": 0.019603252410888672,
            "7_drop": 0.018700361251831055,
            "8_merge": 0.04923748970031738,
            "9_text_embed": 0.2558293342590332,
            "10_drop": 0.02616286277770996,
            "11_filter": 0.06447362899780273
        },
        "create_final_nodes": {
            "overall": 0.34363222122192383,
            "0_layout_graph": 0.04118609428405762,
            "1_unpack_graph": 0.028873443603515625,
            "2_unpack_graph": 0.029808759689331055,
            "3_filter": 0.045435190200805664,
            "4_drop": 0.016012907028198242,
            "5_select": 0.017588376998901367,
            "6_rename": 0.02486705780029297,
            "7_convert": 0.06328010559082031,
            "8_join": 0.035579681396484375,
            "9_rename": 0.02408909797668457
        },
        "create_final_communities": {
            "overall": 0.6351180076599121,
            "0_unpack_graph": 0.0436863899230957,
            "1_unpack_graph": 0.036934614181518555,
            "2_aggregate_override": 0.04090547561645508,
            "3_join": 0.040082454681396484,
            "4_join": 0.038384199142456055,
            "5_concat": 0.027031898498535156,
            "6_filter": 0.06644845008850098,
            "7_aggregate_override": 0.03409147262573242,
            "8_join": 0.048696279525756836,
            "9_filter": 0.08400344848632812,
            "10_fill": 0.028177976608276367,
            "11_merge": 0.04459738731384277,
            "12_copy": 0.044748783111572266,
            "13_select": 0.03154945373535156
        },
        "join_text_units_to_entity_ids": {
            "overall": 0.17446351051330566,
            "0_select": 0.0392000675201416,
            "1_unroll": 0.05536031723022461,
            "2_aggregate_override": 0.03952980041503906
        },
        "create_final_relationships": {
            "overall": 0.461367130279541,
            "0_unpack_graph": 0.03891921043395996,
            "1_filter": 0.0878300666809082,
            "2_rename": 0.034478187561035156,
            "3_filter": 0.06871414184570312,
            "4_drop": 0.03456926345825195,
            "5_compute_edge_combined_degree": 0.03876829147338867,
            "6_convert": 0.08165812492370605,
            "7_convert": 0.0474095344543457
        },
        "join_text_units_to_relationship_ids": {
            "overall": 0.19484758377075195,
            "0_select": 0.043166399002075195,
            "1_unroll": 0.037082672119140625,
            "2_aggregate_override": 0.03646564483642578,
            "3_select": 0.041313886642456055
        },
        "create_final_community_reports": {
            "overall": 0.5464599132537842,
            "0_prepare_community_reports_nodes": 0.04303717613220215,
            "1_prepare_community_reports_edges": 0.05190300941467285,
            "2_prepare_community_reports_claims": 0.14931225776672363,
            "3_restore_community_hierarchy": 0.07751274108886719,
            "4_prepare_community_reports": 0.08641338348388672,
            "5_create_community_reports": 0.053789615631103516,
            "6_window": 0.042377471923828125
        },
        "create_final_text_units": {
            "overall": 0.4258861541748047,
            "0_select": 0.03969264030456543,
            "1_rename": 0.03502249717712402,
            "2_join": 0.05453372001647949,
            "3_join": 0.058954477310180664,
            "4_join": 0.06327557563781738,
            "5_aggregate_override": 0.09058618545532227,
            "6_select": 0.0400700569152832
        },
        "create_base_documents": {
            "overall": 0.6235830783843994,
            "0_unroll": 0.06458616256713867,
            "1_select": 0.05223798751831055,
            "2_rename": 0.04061174392700195,
            "3_join": 0.0580441951751709,
            "4_aggregate_override": 0.04729914665222168,
            "5_join": 0.05297279357910156,
            "6_rename": 0.04692578315734863,
            "7_convert": 0.20158934593200684
        },
        "create_final_documents": {
            "overall": 0.07818341255187988,
            "0_rename": 0.04083085060119629
        }
    }
}